,Nombre,Apellido,FechaNacimiento,RFC,Direccion,INE,Telefono,Email,Idioma
0,Valentín,Lillo Amo,20/05/1976,VLIA20051976427,CountryOlive,318803,55347694,HGUG010619702987@hotmail.com,Ingles
1,Regina,Téllez,15/04/1986,RTÉL15041986509,"Street,VenezuelaHeather",249248,55548080,AVAA170519737603@yahoo.com,Ingles
2,Emigdio,Rogelio Cuenca Roca,24/12/1995,EROC24121995984,"Lane,VenezuelaCedar",239627,55300870,MESM070919992582@yahoo.com,Ingles
3,Isidro,Montesinos,23/01/2000,IMOT23012000960,"Avenue,VenezuelaJefferson",248002,55301164,EROC280119824453@outlook.com,Ingles
4,Amador,Aragón-Soria,05/04/1995,AARG05041995110,"Avenue,VenezuelaHeather",915521,55972173,JMÚG070519899846@gmail.com,Español
5,Magdalena,Rocamora Arribas,13/06/1991,MROA13061991627,"Lane,VenezuelaGrand",772696,55387744,LQUA150119955922@hotmail.com,Ingles/Español
6,Lorenzo,Quirino Arias Almazán,15/01/1995,LQUA15011995592,"Avenue,VenezuelaCottage",380479,55415472,MMAI0408200013510@gmail.com,Español
7,Casandra,Galván,22/11/1996,CGAV22111996946,"Street,VenezuelaHeather",142384,55692321,MHES080119825595@gmail.com,Ingles
8,Ileana,Cordero Gelabert,10/10/1978,ICOG10101978828,"Lane,VenezuelaHanover",816291,55915332,JFRB171219849744@gmail.com,Español
9,Manu,Mariscal-Rojas,04/08/2000,MMAI04082000135,"Court,VenezuelaCedar",368294,55587509,TPLZ260319749661@yahoo.com,Ingles
10,Renato,Jove Gilabert,21/07/1987,RJOG21071987978,"Lane,VenezuelaOlive",945198,55661347,MPAA051019953520@yahoo.com,Ingles
11,Alfredo,Cruz Tudela,18/03/1981,ACRT18031981429,"Street,VenezuelaWillow",249351,55332577,ABEA090619951290@yahoo.com,Español
12,Teo,Sastre Tejera,02/04/1982,TSAT02041982572,"Avenue,VenezuelaBroad",401118,55318383,IMOT2301200096010@hotmail.com,Ingles
13,Celestino,de Mascaró,08/01/1976,CDEM08011976706,"Street,VenezuelaWhite",272051,55775612,GLUI131019992174@yahoo.com,Ingles/Español
14,Estela,del Alcalde,24/07/1991,EDEA24071991591,"Street,VenezuelaMain",902395,55985877,BLUO1510198552310@yahoo.com,Ingles/Español
15,Brígida,Huerta Tomas,24/07/1981,BHUT24071981273,"Street,VenezuelaCedar",835199,55175488,MMOT170719933374@yahoo.com,Español
16,Íñigo,de Ochoa,17/11/1989,ÍDEO17111989768,"Lane,VenezuelaOrchard",206799,55635839,FPER250219726872@yahoo.com,Ingles
17,Valero,Vélez,16/07/1977,VVÉE16071977427,"Avenue,VenezuelaForest",401078,55701600,ÁAMR100819767866@outlook.com,Ingles
18,Marcelino,Mora Batalla,10/12/1977,MMOB10121977576,"Street,VenezuelaWillow",803629,55736383,VLIA200519764273@yahoo.com,Ingles/Español
19,Íñigo,Sotelo Vara,15/07/1970,ÍSOV15071970535,"Avenue,VenezuelaFranklin",691783,55436978,AGOI270319971940@yahoo.com,Ingles
20,Victorino,Noriega Cepeda,15/08/1979,VNOC15081979561,"Avenue,VenezuelaBroad",258812,55205386,ENEC150919964370@yahoo.com,Español
21,Germán,Manzano Duque,25/09/1976,GMAD25091976711,"Street,VenezuelaFranklin",582046,55819706,EROC241219959849@hotmail.com,Ingles
22,Rosario,Sandra Sanmiguel Velasco,25/05/1978,RSAS25051978327,"Avenue,VenezuelaMonroe",482693,55299407,MFEB250919768503@gmail.com,Ingles
23,Adrián,Monreal-Pons,10/08/1988,AMOR10081988194,"Street,VenezuelaEssex",913702,55329538,IMOT2301200096010@yahoo.com,Ingles
24,Juan,Francisco Bartolomé,17/12/1984,JFRB17121984974,"Court,VenezuelaCottage",867642,55737291,MMOB101219775768@gmail.com,Ingles
25,Matías,Montenegro-Molins,17/07/1993,MMOT17071993337,"Street,VenezuelaHeather",325973,55924753,ECOC120119817476@gmail.com,Ingles/Español
26,Teo,Porta-Padilla,10/07/1994,TPOT10071994332,"Lane,VenezuelaGrand",944445,55117239,BSAG261219892860@outlook.com,Español
27,Nico,Ferrero Barreda,26/09/1971,NFEB26091971233,"Avenue,VenezuelaHanover",239125,55971290,LSAM140419919612@hotmail.com,Ingles/Español
28,Georgina,Lumbreras Izquierdo,13/10/1999,GLUI13101999217,"Court,VenezuelaRoute",230554,55425685,ÁAMR1008197678610@yahoo.com,Español
29,Aristides,Gomila-Zurita,27/03/1997,AGOI27031997194,"1,VenezuelaWilliams",664189,55567777,IBOR100819935905@hotmail.com,Español
30,Angélica,Camacho Colom,04/02/1971,ACAC04021971483,"Street,VenezuelaJohn",296579,55766742,CIBR270819806837@gmail.com,Ingles/Español
31,David,Heredia Vila,10/06/1987,DHEV10061987125,"Street,VenezuelaKing",968639,55137000,ITÉV160619831503@outlook.com,Ingles/Español
32,Elodia,del Losa,03/07/1993,EDEL03071993831,"Street,VenezuelaOrchard",770325,55577312,EDEB1011198097810@yahoo.com,Español
33,Rosendo,Valenzuela Arévalo,22/12/1986,RVAA22121986143,"Avenue,VenezuelaCedar",506347,55819007,AMÍO0804199655010@yahoo.com,Ingles/Español
34,Blas,Cueto-Riba,20/10/1980,BCUT20101980471,"Avenue,VenezuelaCharles",722289,55236519,JMÚG070519899846@gmail.com,Ingles/Español
35,Tamara,Plaza,26/03/1974,TPLZ26031974966,"Street,VenezuelaHighland",125399,55702775,AARG050419951106@outlook.com,Ingles/Español
36,Herminia,Sierra-Fonseca,01/04/1974,HSIR01041974640,"Drive,VenezuelaLaurel",950606,55985206,FPER2502197268710@hotmail.com,Español
37,Anabel,Mínguez Osorio,08/04/1996,AMÍO08041996550,"Lane,VenezuelaAnn",220667,55705549,GBLN030219739222@hotmail.com,Ingles
38,Gloria,Guerrero Arco,26/09/1994,GGUA26091994192,"Street,VenezuelaRiver",457011,55107147,LDEL161019751657@hotmail.com,Español
39,Edelmira,Patiño Rey,01/10/1982,EPAR01101982357,"Street,VenezuelaCottage",122778,55182950,GDEG171219703782@gmail.com,Ingles/Español
40,Emiliana,Nebot Cervera,15/09/1996,ENEC15091996437,"Street,VenezuelaJefferson",387099,55470883,ENEC150919964370@hotmail.com,Español
41,Ignacia,Borrego-Farré,10/08/1993,IBOR10081993590,"Avenue,VenezuelaAndover",210868,55778950,VVÉE160719774277@yahoo.com,Ingles/Español
42,Liliana,del Sanmiguel,12/04/1974,LDES12041974256,"Court,VenezuelaMain",264982,55320740,JBEV020619938370@yahoo.com,Ingles
43,Juan,Parejo Garcés,01/05/1992,JPAG01051992985,"Street,VenezuelaRose",681888,55124175,GGUA260919941929@gmail.com,Ingles
44,Hugo,Gual Guardiola,01/06/1970,HGUG01061970298,"Street,VenezuelaHanover",622971,55968165,LPOA221019935612@yahoo.com,Ingles/Español
45,Martirio,Heredia Solano,08/01/1982,MHES08011982559,"Court,VenezuelaOlive",225433,55833488,AARG050419951105@outlook.com,Español
46,Jafet,Múgica Galvez,07/05/1989,JMÚG07051989984,"Street,VenezuelaRose",976496,55468832,ITÉV160619831509@outlook.com,Ingles
47,Brígida,Sastre,07/04/1982,BSAT07041982214,"Street,VenezuelaSummit",144469,55621493,LQUA150119955924@hotmail.com,Ingles
48,Celestina,Ibarra-Durán,27/08/1980,CIBR27081980683,"Avenue,VenezuelaClay",854493,55661106,APUB130419732165@yahoo.com,Ingles
49,Luciana,del Luján,16/10/1975,LDEL16101975165,"Street,VenezuelaFranklin",637699,55596335,LPRP0209198259210@yahoo.com,Español
50,Amado,Almazán Vaquero,17/09/1992,AALV17091992286,"Avenue,VenezuelaCedar",880216,55223746,ECOC120119817471@hotmail.com,Español
51,Humberto,de Cueto,24/03/1971,HDEC24031971817,"Lane,VenezuelaRiver",755213,55752034,JBEV020619938373@yahoo.com,Ingles/Español
52,Fátima,Agullo Cornejo,05/03/1973,FAGC05031973978,"Street,VenezuelaAtlantic",777099,55434617,IBOR100819935905@yahoo.com,Ingles
53,Felisa,Quintana Alsina,17/11/1974,FQUA17111974229,"Avenue,VenezuelaCedar",477557,55199172,CGAV2211199694610@outlook.com,Ingles
54,Luciana,de Solsona,20/10/1975,LDES20101975278,"Lane,VenezuelaHeather",984803,55663234,LEXB1603198137510@yahoo.com,Español
55,Purificación,Abril,19/02/1996,PABI19021996832,"Lane,VenezuelaEssex",864722,55320430,VVÉE160719774279@gmail.com,Español
56,Guiomar,Márquez-Sureda,23/05/1994,GMÁQ23051994875,"Court,VenezuelaAtlantic",298472,55514247,GGEL090919775525@hotmail.com,Ingles
57,Lope,Prado Perera,02/09/1982,LPRP02091982592,"Avenue,VenezuelaWillow",258303,55159263,ACAC040219714839@yahoo.com,Ingles/Español
58,Abigaíl,Valero Alba,17/05/1973,AVAA17051973760,"Avenue,VenezuelaFranklin",876160,55485340,LAGC150319706914@hotmail.com,Ingles/Español
59,Otilia,Belda Balaguer,24/12/1977,OBEB24121977767,"Court,VenezuelaCedar",895604,55352344,YMAA020119955972@gmail.com,Ingles/Español
60,Severiano,Serra Querol,01/04/1975,SSEQ01041975686,"Avenue,VenezuelaJohn",263186,55633723,HGUG010619702981@hotmail.com,Ingles
61,Julieta,Ojeda Figuerola,13/12/1979,JOJF13121979516,"Street,VenezuelaAndover",669930,55740117,AMÍO080419965502@yahoo.com,Ingles/Español
62,Jose,Sainz-Company,14/03/1990,JSAN14031990312,"Court,VenezuelaClay",332473,55951088,MMOB1012197757610@outlook.com,Ingles
63,Adán,Gimeno Carro,26/12/1990,AGIC26121990628,"Street,VenezuelaCrescent",439537,55251268,BHUT240719812736@gmail.com,Ingles
64,Yéssica,Mascaró Angulo,02/01/1995,YMAA02011995597,"Street,VenezuelaFront",987306,55844080,JMÚG070519899845@gmail.com,Español
65,Esther,Echevarría Zaragoza,12/01/1993,EECZ12011993291,Street,319866,55646483,TPOT100719943320@yahoo.com,Ingles/Español
66,Ileana,Téllez Vives,16/06/1983,ITÉV16061983150,"North,VenezuelaCourt",512729,55960558,IMOT230120009603@outlook.com,Ingles/Español
67,Ana,Belén Aroca,09/06/1995,ABEA09061995129,"Street,VenezuelaMain",867984,55448534,HGUG010619702981@hotmail.com,Ingles/Español
68,Jesusa,Bermudez Vara,02/06/1993,JBEV02061993837,"Street,VenezuelaCourt",581795,55916756,MMAI040820001351@gmail.com,Ingles
69,Florentino,Pedrosa Rubio,25/02/1972,FPER25021972687,"Street,VenezuelaWhite",220500,55749979,FAGC050319739780@hotmail.com,Ingles
70,Luz,de Navas,02/07/1992,LDEN02071992693,"Street,VenezuelaLinden",858082,55130124,HSIR010419746409@yahoo.com,Ingles/Español
71,Baldomero,Luque Olmedo,15/10/1985,BLUO15101985523,"Avenue,VenezuelaEssex",121881,55791310,HGUG010619702988@hotmail.com,Español
72,Áurea,Amor,10/08/1976,ÁAMR10081976786,"Court,VenezuelaAnn",191046,55690198,LDES120419742569@hotmail.com,Ingles
73,Evangelina,Roman Coronado,28/01/1982,EROC28011982445,"Street,VenezuelaWillow",122902,55269214,AVAA170519737603@hotmail.com,Español
74,Melchor,Rolando Sans Donaire,26/01/1972,MROS26011972947,"Avenue,VenezuelaMaiden",208763,55750239,VLIA2005197642710@gmail.com,Ingles
75,Leocadio,Santana Márquez,14/04/1991,LSAM14041991961,"Lane,VenezuelaMaiden",431096,55581047,PABI190219968324@hotmail.com,Ingles
76,Adela,Barrio Madrid,24/11/1972,ABAM24111972493,"Lane,VenezuelaEssex",353363,55408289,VNOC150819795618@yahoo.com,Español
77,Ernesto,Coll Coronado,12/01/1981,ECOC12011981747,"Court,VenezuelaWoodland",570755,55926396,AVAA170519737609@outlook.com,Español
78,Asdrubal,Pulido Blanes,13/04/1973,APUB13041973216,"Drive,VenezuelaRose",724882,55814455,JPAG010519929853@gmail.com,Español
79,Luís,Agustí Canales,15/03/1970,LAGC15031970691,"Street,VenezuelaFranklin",501531,55242317,AARG050419951103@yahoo.com,Ingles/Español
80,Modesta,Feijoo Belmonte,25/09/1976,MFEB25091976850,"Avenue,VenezuelaJefferson",212326,55557325,MMOB101219775760@outlook.com,Español
81,Candelario,Rivera Pacheco,20/01/1981,CRIP20011981678,"Avenue,VenezuelaEssex",493215,55184971,MROS2601197294710@gmail.com,Español
82,Alfonso,de Rosales,14/12/1997,ADER14121997427,"Court,VenezuelaAnn",253364,55924416,GGUA260919941926@hotmail.com,Ingles
83,Teófila,Arenas,10/07/1993,TARN10071993702,"Street,VenezuelaWoodland",929342,55875766,LDEN020719926932@yahoo.com,Español
84,Xavier,Palmer,23/01/1987,XPAM23011987877,"Drive,VenezuelaAnn",689387,55935749,VVÉE160719774273@yahoo.com,Ingles/Español
85,Eusebio,del Blázquez,10/11/1980,EDEB10111980978,"Street,VenezuelaWhite",456876,55959559,SSEQ010419756866@hotmail.com,Ingles/Español
86,Mayte,Español Meléndez,07/09/1999,MESM07091999258,"Street,VenezuelaCottage",591048,55640960,EPAR011019823572@outlook.com,Ingles
87,Melisa,Pla-Terrón,21/03/1988,MPL-21031988259,"Street,VenezuelaLaurel",247203,55801848,LPOA221019935617@yahoo.com,Ingles/Español
88,Octavia,Valera Alfaro,22/06/1976,OVAA22061976655,"Drive,VenezuelaCottage",719877,55691178,JOJF131219795162@hotmail.com,Ingles
89,Jose,Miguel Ayala Guzman,24/12/1975,JMIA24121975581,"Street,VenezuelaGrand",867794,55135228,LSAM140419919612@outlook.com,Ingles/Español
90,Fausto,Sevilla,07/03/1995,FSEI07031995470,"Avenue,VenezuelaCharles",739529,55299079,VVÉE160719774273@gmail.com,Ingles/Español
91,Gema,de Guitart,17/12/1970,GDEG17121970378,"Street,VenezuelaWilliams",665453,55457404,EECZ120119932919@gmail.com,Ingles
92,Marta,Pagès Alberola,05/10/1995,MPAA05101995352,"Street,VenezuelaRiver",717778,55533351,CGAV221119969460@hotmail.com,Ingles
93,Lisandro,Expósito Barbero,16/03/1981,LEXB16031981375,"Street,VenezuelaRose",753854,55184797,LDEL161019751657@gmail.com,Español
94,Gustavo,Gerardo Luque Santiago,09/09/1977,GGEL09091977552,"Street,VenezuelaMain",430884,55106400,BLUO151019855230@outlook.com,Español
95,Lourdes,Ponce Aragón,22/10/1993,LPOA22101993561,"Street,VenezuelaMain",729326,55910087,LAGC150319706914@hotmail.com,Español
96,Jerónimo,Domínguez-Feliu,11/08/1985,JDOÍ11081985225,"Street,VenezuelaFranklin",587073,55397505,MFEB250919768501@hotmail.com,Ingles
97,Guadalupe,Blanco,03/02/1973,GBLN03021973922,"Court,VenezuelaSummit",264944,55202420,BSAG261219892869@hotmail.com,Español
98,Bonifacio,Saturnino Garmendia Lerma,26/12/1989,BSAG26121989286,"Avenue,VenezuelaHanover",832640,55696078,EDEB101119809781@yahoo.com,Ingles
