,Nombre,Apellido,FechaNacimiento,RFC,Telefono,Email,Idioma
0,Maria,Alice Ribeiro,05/02/1999,MALR05021999748,56935385,MVIN151219926327@gmail.com,Español
1,Anthony,Alves,07/01/1995,AALE07011995967,56138680,PNOU180719817023@outlook.com,Español
2,Sra.,Bianca Porto,24/12/1994,SBIP24121994582,56335127,EPEE060319717112@hotmail.com,Español
3,Guilherme,Barros,14/07/1976,GBAR14071976159,56891987,IFRI280919861448@gmail.com,Español
4,Alana,Carvalho,26/12/1974,ACAV26121974603,56927661,BSAE2002197639710@outlook.com,Español
5,Beatriz,Nunes,11/09/1990,BNUE11091990138,56260006,JVIS150819737172@hotmail.com,Español
6,Miguel,Barbosa,21/09/1985,MBAB21091985419,56154553,JVIS150819737176@hotmail.com,Ingles/Español
7,Sabrina,Costa,18/02/1992,SCOT18021992857,56439615,PNOU180719817029@hotmail.com,Ingles/Español
8,Esther,Fogaça,20/08/1977,EFOA20081977566,56673661,MVIN151219926323@outlook.com,Ingles
9,Isabelly,Aragão,17/05/1975,IARG17051975364,56543443,HCAD150819729205@yahoo.com,Ingles
10,Sophia,Pires,05/02/1992,SPIE05021992587,56913150,MVID110819772895@yahoo.com,Ingles/Español
11,Dr.,Cauê Vieira,02/04/1978,DCAV02041978200,56353426,IARG1705197536410@outlook.com,Ingles
12,Bernardo,Sales,20/02/1976,BSAE20021976397,56170041,ACAV261219746035@yahoo.com,Ingles
13,João,Lucas Lopes,24/12/1987,JLUL24121987422,56437231,ADAM110219974103@yahoo.com,Ingles/Español
14,Maysa,Dias,25/10/1990,MDIS25101990965,56785647,JLUL241219874221@gmail.com,Ingles
15,Cauê,Farias,06/07/1990,CFAI06071990410,56272361,EFOA200819775663@outlook.com,Ingles/Español
16,Olivia,Teixeira,22/07/1983,OTEX22071983108,56724825,IARG170519753645@outlook.com,Ingles
17,Igor,Melo,23/02/2000,IMEO23022000225,56918423,AVIN261119923297@outlook.com,Español
18,Melissa,Viana,15/12/1992,MVIN15121992632,56863577,HCAD150819729204@hotmail.com,Español
19,Maria,Vitória da Cunha,11/08/1977,MVID11081977289,56929315,MBAB210919854195@yahoo.com,Español
20,Sr.,Renan Farias,06/10/1973,SREF06101973776,56991882,ASIV271019787295@hotmail.com,Ingles/Español
21,Davi,Gonçalves,06/06/1982,DGOÇ06061982447,56948461,AVIN261119923296@outlook.com,Ingles/Español
22,Arthur,da Mota,11/02/1997,ADAM11021997410,56555856,IFRI280919861441@outlook.com,Ingles/Español
23,Milena,Costela,10/01/1971,MCOT10011971965,56645240,GBAR140719761598@hotmail.com,Ingles
24,Laura,Azevedo,14/10/1988,LAZV14101988724,56122266,ECAV081219835889@gmail.com,Español
25,Diego,Silveira,13/09/1978,DSIV13091978758,56377252,LAZV141019887249@yahoo.com,Español
26,Isis,Freitas,28/09/1986,IFRI28091986144,56185116,AALE070119959673@yahoo.com,Ingles/Español
27,André,Viana,26/11/1992,AVIN26111992329,56861431,RPEE160119929515@hotmail.com,Español
28,Laís,da Mota,25/06/1983,LDAM25061983921,56491394,JLUL241219874227@gmail.com,Ingles
29,Gustavo,da Paz,07/04/1985,GDAP07041985677,56670699,ADAM110219974108@yahoo.com,Ingles/Español
30,Rebeca,Pereira,16/01/1992,RPEE16011992951,56346210,ECAV081219835888@yahoo.com,Ingles
31,João,Vitor Sales,15/08/1973,JVIS15081973717,56225768,ASIV271019787292@gmail.com,Ingles/Español
32,Alexia,Silva,27/10/1978,ASIV27101978729,56238218,AALE070119959671@gmail.com,Ingles/Español
33,Leonardo,Souza,28/12/1998,LSOZ28121998386,56264074,SCOT180219928578@yahoo.com,Español
34,Enrico,Pereira,06/03/1971,EPEE06031971711,56222326,MCOT100119719654@outlook.com,Ingles/Español
35,Emanuelly,Carvalho,08/12/1983,ECAV08121983588,56431946,PNOU180719817024@outlook.com,Español
36,Pietro,Nogueira,18/07/1981,PNOU18071981702,56870763,SPIE050219925873@outlook.com,Español
37,Levi,Lima,12/11/1989,LLIA12111989807,56276484,RPEE160119929515@gmail.com,Ingles/Español
38,Ana,Laura Santos,02/07/2000,ALAS02072000974,56986480,MALR050219997483@yahoo.com,Ingles
39,Heloísa,Cardoso,15/08/1972,HCAD15081972920,56405694,EFOA200819775665@gmail.com,Español
